"1","吃货心中的【最佳味道奖】"
"2","隐迹的文化村·传承的历史味"
"3","尝星级水准饭菜，听创业沧桑故事"
"4","传承面点老手艺，创造健康新美食"
"5","身处闹市也必有闲暇"
"6","【行走】的红烧肉，感受这红烧的力量"
"7","\尝新/ 美厨娘给你带来舌尖的诱惑~"
"9","中西结合品味“高大上”的“奢侈”"
"10","菜做的就是从未尝过味道"
"11","天然的味道，如同漫步阳光下"
"12","隐藏在八里桥头村的民间美味！！！"
"13","无土栽培 科学养殖 健康美味"
"14","丹溪故里，美食小苑  吃的就是朴实"
"15","这盘牛肉有点叼"
"16","醇厚浓郁、酒香四溢~“少年”，来吃酒糟鸡吧~"
"20","返璞归真尽显田园生活"
"22","大风车，吹吹吹，吹出地道美味来"
"23","隐藏在大山深处中的【舌尖秘籍】"
"24","肉与“火”的碰撞"
"25","潺潺流水人家，在安逸中享受美食"
"26","一款你不熟知的清明粿~"
"27","【翅】不可挡，回味经典"
"28","吃喝玩乐，给亲不一样的生活体验"
"29","杭帮菜，八婺菜 道道让你回味无穷"
"31","品味【健康美食】，体验生活的美"
"32","走进大山深处，品味别样美食"
"33","我在田间地头，等你顺着炊烟而来"
"34","红烧一切！！！一桌让你放不下筷子的红烧菜~"
"35","畅吃，畅聊，畅玩，勾起你的小馋虫"
"37","天南地北来相聚"
"38","回望的就甚是想念"
"39","赏田园风景，吃地道家乡菜~"
"40","花草苗圃内的健康美味"
"41","家·大到可以承载岁月"
"42","美味！我家就是纯天然"
"45","十里春风不如你"
"46","感受自然，品味不一样的美食~"
"48","谁的红烧有我狂"
"49","值得你回味一辈子的家常"
"51","想品尝不一样的“鱼头豆腐”吗？"
"53","乡风淳朴农家院,山珍野味十里香"
"54","大冷天  火锅和牛肉酱更配哦！"
"55","家乡红烧肉,流不尽的口水…… "
"56","远离喧嚣的田园生活                           "
"57","不一样的农家风光"
"59","口口相传，重走一回青春"
"60","爆炒鸡杂，挡不住的感觉"
"62","我家在这里，不一样的美食等着你"
"63","在这里，领略古朴的农家饮食文化"
"64","干菜扣肉，我知道你的口味~"
"65","返璞归真，遇见最“原汁原味”的家常"
"66","别人家的天台就是不一样"
"67","挡不住的诱惑，岂止是吃~"
"68","风光无限好"
"69","酸味儿生津的义乌醋鸡"
"70","隐藏在大楼村的神秘味道"
"71","体验油茶生活，品尝特色佳肴"
"72","激情与美味的碰撞，当运动遇上美食！"
"73","你从不知道，包子能如此好吃！"
"75","同样的原料搭配不一样的滋味！"
"79","八都水韵上坑仁，有山有水有竹笋"
"80","和妈妈一起吃吃饭，聊聊天~"
"82","吃吃饭，赏赏景，开心时刻蹭饭去"
"83","在义乌 辣！死！都！要！吃！湘鄂菜！"
"84","传统老手艺，一桌“红薯宴”"
"85","游古村塘下洋，尝特色红馃"
"86","秘制十三香龙虾就是“十八力”"
"87","七彩的饺子，带来缤纷的心情"
"88","能吃饭还能钓鱼哦"
"90","【药膳】弘药膳文化，寻养生奥秘"
"91","不是所有的鸡都叫~醋溜土鸡"
"92","此景尽有好美味"
"93","记~住~这~只~鸡>>>一健叫鸡"
"94","鸡年就要吃鸡煲！！！"
"95","菜谱里的家常菜，【红烧鲫鱼】"
"97","从来还没吃过这么给力的牛排！"
"98","独特的味道诱惑你的味蕾"
"99","【修水哨子】江西独特的乡俗美食"
"101","还原最真实的“母亲味道”"
"102","吃“体制”饭菜，舌尖上的机关食堂饭菜"
"105","嗯，就是这个味......"
"106","来红糖文化村早溪塘体验“蜜罐文化”"
"107","杭帮与八婺的集大城者"
"108","想你所想，尝你独具的滋味"
"109","吃完了你还想“兜着走”的秘 制 猪蹄"
"110","分享孔雀滋味"
"111","感受一下历史文化名村的气息"
"113","你知道什么叫“金屋藏娇”吗"
"114","享受闹市中那一份独有的吃饭心情"
"116","醋炒鸡、醋炒鸡~只留香来不留酸"
"117","养身~ 煲中之“霸”"
"119","“八都溪水”尝美味"
"120","孝林郎， 喔跟你港啦，台湾三拼~很好呲的啦~"
"121","原味天然，还原你的熟悉味道"
"122","真正的美食是一种生活方式，需要细细品味"
"123","一起来尝下，年轻妈妈的手艺吧"
"124","创意农家美食【火龙果馒头】"
"125","自种果蔬新鲜来袭"
"128","“世外桃源”好滋味"
"129","春天，阳光和健身最配哦！"
"130","这难道是传说中的五花肉"
"131","量大、份足、美味，就是过瘾……"
"132","贼好吃的大包子，你尝过吗？"
"133","九千年文化古迹尝新鲜"
"136","家常承载家的温暖"
"137","那个让你怀念狼吞虎咽的味道"
"138","遇见不一样的色香味"
"139","爬龙山寺，游大陈江，喝原浆酒"
"140","老妈饼~母亲的味道，是家的味道"
"141","游净居寺，一起来吃特色菜"
"142","这土鸡的味道绝了"
"143","煲中自有颜如玉"
"144","隐觅在弄堂里的极致风味"
"145","温情美食  回味无穷"
"146","鲜虾百态秀美味"
"147","隐藏在“莲藕之乡”的味道"
"148","吃过没有肉的肉饼吗"
"149","“卤”出来的“牛”滋味"
"150","楂林狗肉火锅店"
"151","满口多福最爱狮子头"
"152","征服的嘴  这味  正点！"
"153","在这一刻，让我找到久违的情怀~"
"154","雅致庭院，等君品鉴"
"155","你的味蕾准备被征服了吗"
"157","“凤”鸣朝天~这味正点！"
"158","品糖烊、吃糖烊，味道非同一般哟"
"161","我在北山村，等你来~"
"163","特色民宿 特色民俗 特色河味"
"164","秘制烤全羊鲜味不可挡"
"168","来上溪，游水库，赏十里桃花~"
"172","糖醋就要这个味"
"174","鱼味飘香传君来"
"178","年年有鱼，最爱红烧"
"180","每时每刻，都有一道唤醒回忆的菜 "
"181","尝美食，聊人生"
"183","亭台楼阁如痴如醉"
"184","红糖之乡--味美香甜甜"
"186","听说腊肉和螺蛳在一起更配哟！"
"187","听，一位年轻爸爸的创业史"
"188","椒盐鹌鹑肉，邂逅不一样的美食"
"191","一桌家味一份心"
"192","让我带你走进山村美食的国度吧"
"200","回归淳朴的【后现代】农村生活"
"201","大山深处有人家"
"202","宁静致远，唯美食而已"
"203","好一桌丰盛的家庭大餐！"
"204","世间真的有宁静致远这回事吗?"
"205","香芋鸭煲，让亲一边吃,一边流口水"
"208","舒适家居生活，吃饭和运动，一起来~"
"211","彩虹肉沫蒸蛋，让人怦然心动的美食"
"228","我们一起去吃妈妈做的饭~"
"230","熟悉的味道，家的味道"
"232","天赐良“鸡”，来品尝【大盘鸡】"
"238","美味爽口的“酱蒸蟹”！ ~让亲横着走"
"239","醋炒仔排~领“鲜”一步"
"242","白斩鸡，挡不住的诱惑~~"
"246","古老的汉族名菜~~白切牛肉"
"250","【羊蹄子】最好的解馋特色小吃"
"251","【红烧泥鳅】是一道简单美味的家常菜"
"253","爱红烧肉，因为有吃肉的感觉~"
"257","美味，品味，对味——葱油多宝鱼"
"259","“傅氏”特色肉皮冻~"
"273","创新特色义乌味道"
"275","历经风霜成就别样美味"
"277","自酿养生酒，满足你的味蕾"
"278","红烧带鱼~妈妈的口味，当然忘不了"
"283","“采菊东篱下”的梦中生活"
"288","小桥流水人家，不知君在哪"
"294","最初的味道——质朴无华的家常"
"295","隔墙闻香，名闻遐迩"
"296","记忆母亲味道"
"298","赏乡村如画美景，品农家美味佳肴"
"300","“蒸”功夫的精华原味"
"301","“烤全羊”!想吃，就来吃我啊!"
"302","优雅环境造就创新美食"
"303","精致时光中的「一期一会」"
"304","山珍野味——追寻原始的味道"
"308","美味佳肴为鲍鱼，上等厨艺等你来~"
"309","感觉身体被掏空吗？就来这里补充元气吧"
"310","独家秘制配方：辣味凤爪鸭头煲"
"312","春风拂面，我们一起吃饭去~"
"313","岩口湖大头鱼，“鱼”味无穷"
"314","大口吃肉大口喝酒的快感"
"315","【秘制鸭煲】家常营养美食"
"323","人间仙境般的滋味"
"331","奢华的享受，就是要高！大！上！"
"332","​旅游+美食 来到这就对了"
"333","天然养生桃汁，吃出健康美~"
"335","原汁原味，要的就是天然的味道"
"336","“美丽厨娘”带你尝创新"
"337","尝美味佳肴，听创业历史"
"340","永恒不变的是健康"
"342","你还记的那些传统名吃？"
"343","中国式【红烧螃蟹】，你吃过吗？"
"345","你所想的就是你的本味"
"346","垂钓、摘果其乐无穷"
"350","乡愁就是味觉上的思念"
"351","中华名小食，家常牛肉丸"
"355","【红烧肉】浓浓肉香，吃得满足又放心"
"356","在这里有正宗的“义乌赣菜”"
"357","古朴的家，古朴的味道"
"358","专属农家的纯真"
"359","“伙头兵”带你尝百味"
"361","健康就是要新出特色"
"363","体验生活的乐趣,展现美食的魅力 "
"364","王氏鱼头豆腐,独一无二的口味"
"365","喝喝茶，吃吃饭，给自己一个放松的感觉"
"367","中华美食花千束，刘记驴肉秀一枝"
"368","吃完饭，我们一起来运动下~"
"371","历史悠久的传统菜肴,肉丝炒毛豆"
"376","【岩口大头鱼】,舌尖上的美味~"
"377","杭帮八婺大海鲜，请您品尝鲜美味"
"378","食材自有独到滋味"
"379","尝之味，闻其香"
"380","滋补养身温暖你的“味”"
"381","最货真价实的的美味感受"
"382","【养生】之首选调理你的身心"
"383","吃吃饭，聊聊天，散散步"
"384","一道温州风味菜【梅干菜肉丸】"
"385","抹不去的记忆~  美味家常菜 "
"386","寻找山村里的【美食回忆】"
"387","寻找闹市中那一份久违的美食感觉~"
"388","土味自有土做法"
"389","寻找食物最真实的味道"
"390","浓浓家味任君尝"
"392","观远山，尝美味"
"393","让我带你去吃纯正的【农家土味】吧"
"394","寻找你的本味与纯真"
"396","清泉一泻必是好风光"
"397","【城中】  满满幸福感~"
"398","赏心悦目回味现代经典"
"399","体验新农家，尝遍本滋味"
"400","那些被遗忘的农家味道"
"401","面包和蜗壳掉水里，你先救那个"
"402","我有酒和故事，你来吗？"
"406","私家体验，享受快感！"
"409","江湖特色，阳光、美食等着你~"
"410","看在眼里，尝在嘴里——你是我的独家记忆"